server,cpu_mean,cpu_median,cpu_p25,cpu_p75,cpu_max,cpu_std,mem_mean,mem_median,mem_p25,mem_p75,mem_max,mem_std,uptime_ratio,samples_count,cpu_cv,mem_cv,cpu_peak_to_mean,mem_peak_to_mean,cpu_iqr,mem_iqr,cluster
172.18.129.195,4.663410404624277,4.52,3.66,5.6,17.42,1.4474092489953074,73.97473988439306,75.16,69.18,76.11,100.0,5.158140052211218,1.0,173,0.31037569576978347,0.06972839729172829,3.7354636389553413,1.3518127965881184,1.9399999999999995,6.929999999999993,4
172.18.145.165,2.5696531791907513,0.38,0.0,4.27,18.85,3.6651799498882047,49.18202312138728,49.33,46.04,52.26,62.89,5.037039084983196,1.0,173,1.4263325415153738,0.10241626442554352,7.335620290181083,1.2787192557081222,4.27,6.219999999999999,4
172.18.145.166,2.681907514450867,0.27,0.0,4.38,18.23,3.685896336761276,2.2552601156069367,0.62,0.0,3.97,14.15,3.041738633496416,1.0,173,1.3743562434202659,1.3487307350699196,6.797400694010388,6.274220832478982,4.38,3.97,2
172.18.145.167,2.539364161849711,0.0,0.0,4.3,22.94,3.9932597499497353,62.380289017341035,62.74,58.75,65.87,91.27,6.222996215066141,1.0,173,1.572543162553332,0.09975901543733176,9.033757483326125,1.46312242917996,4.3,7.1200000000000045,4
172.18.145.168,1.228092485549133,0.0,0.0,2.44,11.3,1.7008460113094872,0.9242196531791906,0.44,0.0,1.48,8.41,1.2078662226989745,1.0,173,1.3849494491035548,1.3069038496899281,9.201261413913207,9.099568453311653,2.44,1.48,2
172.18.156.216,5.99942196531792,6.27,2.67,8.5,26.57,4.249232996586814,43.50601156069364,43.12,40.52,46.46,61.02,4.407000606841661,1.0,173,0.708273733894902,0.10129635994542079,4.428759996146064,1.4025647907272134,5.83,5.939999999999998,4
gti-com-hp01.hci.bri.co.id,43.634682080924854,44.29,39.32,48.41,62.94,6.675511350291805,55.0042774566474,54.89,52.42,57.01,80.97,4.580875966476792,1.0,173,0.15298636387246745,0.08328217691955486,1.4424305849936414,1.472067332650955,9.089999999999996,4.589999999999996,4
gti-com-hp02.hci.bri.co.id,59.57716763005781,60.0,54.13,63.69,100.0,8.194022109220109,40.365375722543355,40.7,38.4,41.62,60.26,3.0147113138219788,1.0,173,0.13753628168597376,0.07468557544327069,1.6784953695843055,1.4928635971136481,9.559999999999995,3.219999999999999,1
gti-com-hp03.hci.bri.co.id,43.982543352601155,43.56,38.37,49.16,95.71,9.936382197166521,46.00745664739885,45.63,41.73,49.7,82.02,6.351103035915806,1.0,173,0.22591649867785277,0.13804508005279797,2.1760906192420006,1.7827544919207616,10.79,7.970000000000006,1
gti-com-hp04.hci.bri.co.id,44.12202312138728,44.93,40.94,47.4,70.91,6.369016203057668,57.12080924855491,57.61,54.25,59.1,83.12,4.101368381055678,1.0,173,0.14435004907946783,0.07180165048448499,1.607133920512085,1.4551614568048656,6.460000000000001,4.850000000000001,4
gti-com-hp05.hci.bri.co.id,49.26150289017341,48.03,42.04,55.08,100.0,10.844068362861872,52.2035260115607,51.95,48.5,55.73,87.26,6.21602633723439,1.0,173,0.22013271472935564,0.11907292116355941,2.0299827275458093,1.671534600568473,13.04,7.229999999999997,0
gti-com-hp06.hci.bri.co.id,31.392543352601155,31.87,24.91,36.46,58.51,8.657544458556867,50.67404624277457,50.29,46.63,54.32,77.71,6.272046218363751,1.0,173,0.2757834674723643,0.12377235850310767,1.8638184024408433,1.5335266425676513,11.55,7.689999999999998,1
gti-com-hp07.hci.bri.co.id,43.04023121387283,43.89,36.66,48.01,69.01,8.673867793802767,46.65202312138729,46.24,43.63,49.82,63.17,5.426344647368099,1.0,173,0.20152930291431578,0.11631531248385303,1.6033835798204665,1.3540677504088814,11.350000000000001,6.189999999999998,1
gti-com-hp08.hci.bri.co.id,54.31306358381503,54.84,48.79,59.44,85.13,8.785288203337497,56.51115606936416,56.12,53.4,59.48,80.79,4.828280767246372,1.0,173,0.16175276487175475,0.08543942653234589,1.567394552668324,1.4296292204823233,10.649999999999999,6.079999999999998,0
gti-com-hp09.hci.bri.co.id,69.98982658959538,71.27,64.02,76.29,99.33,8.9707935970265,47.87705202312139,47.93,44.69,50.3,68.11,4.649747927983784,1.0,173,0.12817282216784473,0.0971185094215548,1.4192062595389585,1.4226022096579267,12.27000000000001,5.609999999999999,0
gti-com-hp10.hci.bri.co.id,60.078843930635834,60.63,54.53,65.22,100.0,8.763364865849896,46.89473988439306,47.07,44.46,49.43,63.88,3.9736641117039793,1.0,173,0.1458644057127274,0.08473581731128113,1.6644794316524336,1.3621996871606439,10.689999999999998,4.969999999999999,0
gti-com-hp11.hci.bri.co.id,56.35034682080925,56.15,49.38,61.75,96.7,10.484007582756465,51.62606936416185,50.86,47.2,55.51,73.24,6.065467795360553,1.0,173,0.1860504535330543,0.11748846794001952,1.7160497753012993,1.418663107651621,12.369999999999997,8.309999999999995,0
gti-com-hp12.hci.bri.co.id,45.31306358381503,44.79,40.23,51.01,84.71,8.58201691894722,53.18774566473988,53.25,49.56,56.12,77.51,5.770254730587528,1.0,173,0.18939387982613815,0.10848842451340898,1.8694388174243157,1.457290566300204,10.780000000000001,6.559999999999995,0
gti-com-hp13.hci.bri.co.id,42.594855491329476,41.67,37.41,46.82,88.48,8.350698940733244,27.47890173410405,27.9,25.0,29.87,36.64,3.7085281128155794,1.0,173,0.19604947227566238,0.1349591096726012,2.0772461598798198,1.3333866234736056,9.410000000000004,4.870000000000001,1
gti-com-hp14.hci.bri.co.id,38.992427745664735,39.38,32.27,44.2,70.36,9.076709967781591,38.482832369942194,38.57,34.56,42.61,59.14,6.06036250361521,1.0,173,0.23278134993250735,0.15748223637376493,1.80445291734426,1.5367891695568778,11.93,8.049999999999997,1
gti-com-hp15.hci.bri.co.id,47.12809248554913,46.61,42.17,51.26,84.97,8.827532863519284,26.43202312138728,26.36,23.96,28.32,40.54,3.6009000747451343,1.0,173,0.1873093604674551,0.13623248051078965,1.802958607460175,1.5337456317218998,9.089999999999996,4.359999999999999,1
gti-com-hp16.hci.bri.co.id,43.22052023121387,43.23,37.4,47.8,83.24,9.635256858422924,35.83369942196532,35.71,32.02,39.25,48.94,5.396209281227146,1.0,173,0.2229324590929921,0.15059034842267446,1.925937021458711,1.3657534887397305,10.399999999999999,7.229999999999997,1
gti-com-hp17.hci.bri.co.id,44.59121387283237,43.8,39.01,49.54,83.39,8.798836750906835,34.16092485549133,34.11,31.28,36.87,45.38,4.525393630587548,1.0,173,0.19732220737474948,0.1324728077395743,1.8700993482217394,1.3284183666562885,10.530000000000001,5.589999999999996,1
gti-com-hp18.hci.bri.co.id,30.706936416184973,30.39,26.24,35.58,50.96,7.335279704999991,33.933294797687864,33.82,30.42,37.39,46.04,5.004551545764811,1.0,173,0.23888021929578493,0.14748204014971777,1.65955988931348,1.3567795368676387,9.34,6.969999999999999,1
gti-com-hp19.hci.bri.co.id,35.00705202312139,35.22,31.59,38.35,57.0,5.46916344764401,30.673815028901732,30.42,28.73,32.17,43.63,3.3515084091718403,1.0,173,0.15623033450608032,0.10926284865491805,1.6282433597194288,1.4223858349178473,6.760000000000002,3.4400000000000013,1
gti-com-hp20.hci.bri.co.id,34.038092485549136,33.62,28.21,39.75,56.11,8.207645638161363,31.9685549132948,32.26,28.61,34.68,53.17,5.346034902491103,1.0,173,0.24113118682093942,0.16722791871545753,1.6484472513793622,1.6631968552913268,11.54,6.07,1
gti-com-hp21.hci.bri.co.id,44.30635838150289,43.73,40.31,47.48,82.59,7.580320529893988,36.55630057803468,36.37,34.56,38.81,47.22,2.977032462238291,1.0,173,0.1710887738645349,0.08143691826483884,1.8640665362035227,1.2917061971082693,7.169999999999995,4.25,1
gti-com-hp22.hci.bri.co.id,51.79,51.36,46.54,56.38,100.0,9.467906868210962,44.772312138728324,44.18,41.82,47.42,66.89,5.177103816349328,1.0,173,0.18281341703438814,0.11563181727823035,1.9308746862328636,1.494003700160478,9.840000000000003,5.600000000000001,1
gti-com-hp23.hci.bri.co.id,37.21976878612717,38.27,33.55,39.91,64.75,4.933145601705334,20.385086705202312,20.38,19.3,21.27,31.76,1.6488595842232932,1.0,173,0.1325410060995342,0.08088558111467346,1.7396669058334964,1.5580017126880696,6.359999999999999,1.9699999999999989,1
gti-com-hp24.hci.bri.co.id,42.18312138728324,42.49,36.72,45.6,82.96,8.009906408030748,28.223179190751445,28.34,26.55,30.26,38.3,3.1106547499711295,1.0,173,0.18988415614131057,0.11021631294430753,1.9666633779502525,1.3570405991877295,8.880000000000003,3.710000000000001,1
gti-com-hp25.hci.bri.co.id,86.91601156069363,88.58,80.98,94.07,100.0,9.833969468708629,70.6078612716763,70.66,67.49,73.8,91.55,5.040307939022915,1.0,173,0.11314335865310096,0.07138451509853037,1.150535996813082,1.296597834166724,13.08999999999999,6.310000000000002,0
gti-com-hp26.hci.bri.co.id,0.0,0.0,0.0,0.0,0.0,0.0,0.0,0.0,0.0,0.0,0.0,0.0,0.0,173,0.0,0.0,0.0,0.0,0.0,0.0,3
gti-com-hp27.hci.bri.co.id,89.66849710982659,93.03,82.52,96.97,100.0,9.50233496679698,76.71907514450866,77.71,73.21,79.73,100.0,4.827163602157571,1.0,173,0.10597183261762996,0.06291999210190016,1.1152188697611305,1.3034567975648716,14.450000000000003,6.52000000000001,0
gti-com-hp28.hci.bri.co.id,9.335260115606937,11.27,0.0,15.26,48.38,7.272402082808646,38.39797687861272,54.98,0.0,59.16,86.33,27.62683017108166,0.6647398843930635,173,0.7790251147528765,0.7194866088496846,5.1825015479876155,2.248295535801651,15.26,59.16,5
gti-com-hp29.hci.bri.co.id,44.524450867052025,44.46,40.2,47.91,77.26,6.929261291894758,57.87913294797688,58.52,55.11,60.58,72.21,4.170516928769418,1.0,173,0.15562822577161514,0.07205562205843644,1.7352263418294553,1.24759989174171,7.709999999999994,5.469999999999999,4
gti-com-hp30.hci.bri.co.id,46.72815028901734,47.74,42.3,50.27,97.27,6.517869983116937,60.41612716763006,61.32,57.84,62.57,83.98,3.900085199727016,1.0,173,0.1394848703148614,0.06455371078165725,2.0816146027261357,1.3900262055359793,7.970000000000006,4.729999999999997,0
gti-com-hp31.hci.bri.co.id,48.22,47.61,41.49,53.74,100.0,10.307859498550634,62.72445086705202,63.57,59.15,66.31,82.15,5.30327360114112,1.0,173,0.21376730606699781,0.08454874499231096,2.073828287017835,1.3096965994030227,12.25,7.160000000000004,0
gti-com-hp32.hci.bri.co.id,61.90832369942196,60.64,54.12,67.66,100.0,11.896713395536587,64.59895953757226,64.07,60.56,68.88,80.05,5.971121107734877,1.0,173,0.19216662129793163,0.09243370404846744,1.6152916768594996,1.2391840452699716,13.54,8.319999999999993,0
gti-com-hp33.hci.bri.co.id,31.40092485549133,32.12,28.8,33.47,50.95,4.244713847987543,63.594161849710986,64.77,59.54,65.87,90.03,3.7853919058175642,1.0,173,0.13517798814913684,0.059524204670916146,1.622563673983315,1.4156959912886902,4.669999999999998,6.330000000000005,4
gti-com-hp34.hci.bri.co.id,38.65421965317919,38.27,33.21,43.41,71.06,7.486813687011992,43.341387283237,42.86,40.01,45.55,75.23,5.7776648271558315,1.0,173,0.19368684076891524,0.13330595048558677,1.8383503958320249,1.7357543151161767,10.199999999999996,5.539999999999999,1
gti-com-hp35.hci.bri.co.id,49.49549132947976,49.19,42.76,55.17,93.8,11.077677922667483,58.201502890173415,58.17,53.95,62.13,86.73,6.906090339309277,1.0,173,0.2238118589211693,0.11865828194060747,1.8951221107311698,1.4901677051821158,12.410000000000004,8.18,0
gti-com-hp36.hci.bri.co.id,33.98150289017341,34.17,28.06,38.96,79.27,7.88293233174013,63.547803468208095,63.34,59.53,66.76,98.09,6.802275681676154,1.0,173,0.23197715407754005,0.1070418694342318,2.332739674763557,1.543562399431678,10.900000000000002,7.230000000000004,4
gti-com-hp37.hci.bri.co.id,52.008208092485546,52.08,46.76,55.67,100.0,9.455988733770253,75.37381502890173,75.93,71.43,78.17,100.0,6.3507127791135405,1.0,173,0.18181723771283922,0.08425622050148834,1.922773417268506,1.3267206915512433,8.910000000000004,6.739999999999995,0
gti-com-hp38.hci.bri.co.id,80.1157225433526,81.41,71.98,86.67,100.0,9.976114449221477,62.66121387283237,62.51,59.23,65.76,88.22,5.011530219987998,1.0,173,0.12452130658652119,0.07997818603001586,1.2481944470498598,1.4078884615774894,14.689999999999998,6.530000000000008,0
gti-com-hp39.hci.bri.co.id,78.83739884393064,79.54,72.17,86.49,100.0,10.274169951614082,59.01624277456647,58.67,54.79,61.84,95.35,6.310670392373773,1.0,173,0.13032101644998714,0.10693107686437482,1.2684335285841128,1.6156569025280587,14.319999999999993,7.050000000000004,0
gti-com-hp40.hci.bri.co.id,83.09063583815029,84.44,76.33,90.33,100.0,10.258695752718653,63.68815028901734,63.16,59.82,66.33,95.92,6.108352082462867,1.0,173,0.12346392164697419,0.0959103389679731,1.2035050519385475,1.5060886454499662,14.0,6.509999999999998,0
gti-com-hp41.hci.bri.co.id,64.89624277456647,64.94,59.11,69.82,100.0,9.594340342886342,67.57710982658959,67.61,64.01,70.72,98.87,6.21358187665279,1.0,173,0.1478412298261197,0.09194802637457468,1.540921257142348,1.463069377392899,10.709999999999994,6.709999999999994,0
gti-com-hp42.hci.bri.co.id,72.06658959537573,73.94,65.45,76.92,100.0,8.369438065609735,61.49687861271677,61.84,58.13,63.6,89.82,4.778459853591819,1.0,173,0.1161347874597742,0.07770247793688337,1.3876055542722208,1.4605619346251886,11.469999999999999,5.469999999999999,0
gti-com-hp43.hci.bri.co.id,58.665144508670515,58.69,53.25,63.26,95.74,7.975219732114438,69.01780346820809,69.46,65.43,71.4,97.87,5.752205828322145,1.0,173,0.13594477263983773,0.08334379738659466,1.6319741611793002,1.4180399126304013,10.009999999999998,5.969999999999999,0
gti-com-hp44.hci.bri.co.id,55.29936416184972,54.83,47.9,62.06,99.09,11.108770636685033,60.10306358381503,59.82,55.76,63.77,80.87,6.479481961555233,1.0,173,0.20088423809308145,0.10780618449705902,1.7918831708441387,1.3455220945139514,14.160000000000004,8.010000000000005,0
gti-com-hp45.hci.bri.co.id,47.23554913294798,46.74,42.01,51.81,91.29,9.079920433275106,71.5742774566474,71.64,68.4,74.88,84.24,5.001020497417853,1.0,173,0.19222641844850774,0.06987175665792751,1.9326545721540673,1.1769591394202232,9.800000000000004,6.47999999999999,0
gti-com-hp46.hci.bri.co.id,24.610924855491326,24.67,20.33,29.85,44.1,7.252100678834263,31.750578034682082,31.75,28.1,35.49,50.49,5.437726815476046,1.0,173,0.2946699777199204,0.17126386831560228,1.7918871500743363,1.5902072694502853,9.520000000000003,7.390000000000001,1
gti-com-hp47.hci.bri.co.id,67.84658959537573,68.23,63.21,72.83,100.0,8.649310057126504,55.03849710982659,54.91,51.49,57.85,77.17,5.175937062250209,1.0,173,0.12748334306424772,0.09404212204272008,1.4739134361267257,1.4021095061155304,9.619999999999997,6.359999999999999,0
gti-com-hp48.hci.bri.co.id,49.86895953757225,50.12,43.99,54.74,92.01,8.842309039142553,47.4049710982659,47.75,44.57,50.14,70.57,4.790044499511395,1.0,173,0.17731087877381085,0.10104519396461814,1.8450354860657934,1.4886624411966256,10.75,5.57,1
gti-com-hp49.hci.bri.co.id,39.274335260115606,39.49,34.1,44.33,62.68,7.406492456949791,44.28017341040463,44.21,40.57,47.93,66.56,4.92213811004985,1.0,173,0.18858352172980838,0.11115896192252223,1.5959531736149746,1.503155811588584,10.229999999999997,7.359999999999999,1
gti-com-hp50.hci.bri.co.id,54.32254335260115,54.56,49.06,59.85,86.49,8.153126622732367,71.40699421965317,71.96,67.47,74.94,100.0,6.333036413528874,1.0,173,0.15008735084090954,0.08868930113551605,1.5921566749664815,1.4004230410874408,10.79,7.469999999999999,0
gti-com-hp51.hci.bri.co.id,57.73647398843931,56.72,50.45,63.17,100.0,10.980065591877665,76.95306358381502,77.44,72.3,81.43,100.0,6.7281470877430785,1.0,173,0.19017554819984722,0.08743182888898215,1.7320073965726277,1.299493422910745,12.719999999999999,9.13000000000001,0
gti-com-hp52.hci.bri.co.id,42.192543352601156,42.14,37.57,45.33,87.8,7.49926604196489,35.71485549132948,35.42,33.69,37.4,59.67,3.4905021640020237,1.0,173,0.17773913222755658,0.09773250139145644,2.0809364172777975,1.670733345525817,7.759999999999998,3.710000000000001,1
gti-com-hp53.hci.bri.co.id,2.2214450867052022,0.75,0.0,3.54,22.11,3.2259678002764516,1.747514450867052,0.52,0.0,3.1,9.5,2.2250647119069766,1.0,173,1.4521933580906718,1.2732739982796606,9.952980666649319,5.436292670018524,3.54,3.1,2
gti-com-hp54.hci.bri.co.id,30.900462427745662,30.79,25.68,35.69,77.25,7.576897092633581,67.39236994219652,66.76,63.16,71.75,100.0,6.557905724410353,1.0,173,0.24520335610998012,0.09730932047700905,2.499962587311861,1.483847505077675,10.009999999999998,8.590000000000003,4
gti-com-hp55.hci.bri.co.id,49.17693641618497,50.74,43.64,52.33,87.95,5.356615381991202,59.270173410404624,60.12,56.21,61.05,85.62,3.993414851860041,1.0,173,0.10892535754277381,0.06737646647679647,1.7884399966618123,1.444571444175491,8.689999999999998,4.839999999999996,0
gti-com-hp56.hci.bri.co.id,40.90086705202312,41.09,36.51,44.44,83.53,7.461416167229528,36.80601156069364,36.72,34.72,38.6,56.37,3.3921754595985716,1.0,173,0.18242684581085075,0.09216362533617166,2.0422549940996486,1.5315432889826994,7.93,3.8800000000000026,1
gti-com-hp57.hci.bri.co.id,29.802312138728325,30.05,27.03,32.54,49.46,4.2914898718985235,49.573236994219656,49.9,47.45,51.18,76.66,4.21272434864818,1.0,173,0.14399855460616093,0.08497981177100444,1.6596027774545172,1.54639891699908,5.509999999999998,3.729999999999997,4
gti-com-hp58.hci.bri.co.id,48.022427745664736,48.73,44.33,51.21,71.97,6.10130170077475,50.61606936416185,51.09,48.37,52.54,66.28,3.161075883199689,1.0,173,0.12705108815173446,0.06245202211291921,1.4986747521630068,1.309465567607445,6.880000000000003,4.170000000000002,1
gti-com-hp59.hci.bri.co.id,41.79167630057803,42.09,35.25,47.58,83.38,9.5811044096473,61.45294797687862,61.38,57.93,65.21,77.17,5.39881285213649,1.0,173,0.2292586767933686,0.0878527886761066,1.9951341362884443,1.2557574948078138,12.329999999999998,7.279999999999994,0
gti-com-hp60.hci.bri.co.id,54.075722543352605,53.96,48.04,58.92,100.0,10.450965359517085,48.209537572254334,48.52,45.4,50.83,72.96,4.799709634510717,1.0,173,0.1932653854257523,0.09955933776209994,1.849258693119261,1.5133934834087706,10.880000000000003,5.43,0
gti-com-kjt01.hci.bri.co.id,1.1853757225433526,0.0,0.0,2.17,13.11,1.7392896514763612,4.945549132947977,4.85,3.9,6.2,12.4,1.8371579302426102,1.0,173,1.4672897532813698,0.371477035381813,11.059784463841615,2.5073049860913064,2.17,2.3000000000000003,2
gti-com-kjt02.hci.bri.co.id,0.7591329479768787,0.23,0.0,1.22,16.91,1.0454557533545228,5.38028901734104,5.49,4.73,6.26,11.59,1.2011425896347585,1.0,173,1.3771708317241484,0.22324871131706747,22.27541308155029,2.154159369997529,1.22,1.5299999999999994,2
gti-com-kjt03.hci.bri.co.id,2.147341040462428,0.94,0.0,3.37,20.37,3.0024464606873935,5.594682080924856,5.45,3.68,7.22,15.96,2.7057689311552364,1.0,173,1.3982159350155294,0.48363229438551875,9.486150367439231,2.852709013514072,3.37,3.5399999999999996,2
gti-com-kjt04.hci.bri.co.id,3.0719653179190756,1.21,0.0,5.3,16.61,4.03373314583568,5.659479768786127,5.55,2.67,8.54,15.61,3.768633899965881,1.0,173,1.3130789993970695,0.6658975831579297,5.406962084862169,2.7582040466147135,5.3,5.869999999999999,2
gti-com-lnv01.hci.bri.co.id,43.60734104046242,43.95,39.97,47.42,90.33,7.265314609650516,67.47843930635838,67.85,64.35,70.25,90.61,5.26651261350559,1.0,173,0.16660760404788655,0.07804733878913728,2.071440217283244,1.342799284207244,7.450000000000003,5.900000000000006,4
gti-com-lnv02.hci.bri.co.id,34.21815028901734,34.55,31.07,37.21,54.14,5.152615280912778,62.29763005780347,62.55,59.6,64.72,89.19,4.824768778845657,1.0,173,0.1505813504643634,0.07744706779967309,1.5822012453249639,1.4316756498962189,6.140000000000001,5.119999999999997,4
gti-com-lnv03.hci.bri.co.id,41.80456647398844,42.08,37.33,45.51,74.65,6.6368199920951705,62.316820809248554,62.1,59.24,64.73,95.61,6.361912261630206,1.0,173,0.15875825422623915,0.1020898078402296,1.7856900883411528,1.534256702418464,8.18,5.490000000000002,4
gti-com-lnv04.hci.bri.co.id,28.448034682080927,28.31,23.08,34.77,48.47,8.753898776515973,46.414913294797685,46.13,41.91,50.27,73.35,6.624579286202461,1.0,173,0.3077154142401952,0.14272523238656923,1.7038083840122238,1.580311042145613,11.690000000000005,8.360000000000007,1
gti-com-lnv05.hci.bri.co.id,8.456705202312138,8.47,7.32,9.54,25.8,1.7495950062356918,69.53537572254335,70.49,65.0,71.75,100.0,5.324867669814444,1.0,173,0.20688849432250955,0.07657782264758978,3.05083355547809,1.4381169147487618,2.219999999999999,6.75,4
gti-com-lnv06.hci.bri.co.id,33.20086705202312,33.55,28.99,36.9,58.19,6.047675110639624,43.12132947976878,43.15,40.69,45.46,61.77,4.4347681530204595,1.0,173,0.18215413173286701,0.10284395695872776,1.7526650707290532,1.4324697486189661,7.91,4.770000000000003,1
gti-com-lnv07.hci.bri.co.id,52.533815028901735,53.19,47.46,55.39,86.2,7.299244498210522,63.99722543352601,65.12,60.26,66.07,91.52,4.009669466897239,1.0,173,0.1389437354624789,0.06265380162554214,1.6408478986834794,1.4300619969073802,7.93,5.809999999999995,0
gti-com-lnv08.hci.bri.co.id,40.3228323699422,40.9,35.65,44.62,64.62,7.218930343418763,56.730578034682075,56.62,52.28,60.01,79.1,5.9895182388653545,1.0,173,0.17902835488312477,0.10557830444110193,1.602565995541762,1.3943097838989484,8.969999999999999,7.729999999999997,4
gti-com-lnv09.hci.bri.co.id,38.96768786127168,39.03,34.34,42.23,70.93,6.693137615092126,64.29595375722543,64.37,61.5,66.28,93.21,4.829491624041436,1.0,173,0.17176122019146406,0.07511346114060419,1.8202260357996325,1.449702423762946,7.8899999999999935,4.780000000000001,4
gti-com-lnv10.hci.bri.co.id,38.870115606936416,40.25,36.5,41.45,56.99,4.533553715230792,58.96329479768786,59.37,55.29,60.37,89.76,5.086092655447633,1.0,173,0.11663339932083389,0.08625862365559454,1.4661649215632915,1.522302990495704,4.950000000000003,5.079999999999998,4
gti-com-lnv11.hci.bri.co.id,38.06005780346821,38.31,34.16,41.76,56.85,6.508336469581953,77.19682080924855,77.58,73.7,80.07,100.0,5.524179698888422,1.0,173,0.17100174947681984,0.07155967876628669,1.493691898566154,1.2953901333203546,7.600000000000001,6.36999999999999,4
gti-com-lnv12.hci.bri.co.id,24.910809248554912,25.24,21.05,29.65,39.12,6.607272194554818,66.04838150289018,66.08,62.71,69.37,87.07,5.416173103416054,1.0,173,0.2652371558317845,0.08200311620321915,1.5704026155741755,1.3182760579256576,8.599999999999998,6.660000000000004,4
gti-com-lnv13.hci.bri.co.id,26.60907514450867,27.11,24.22,28.9,55.46,3.3196238684588053,68.46809248554914,69.42,64.5,70.42,100.0,5.21426992733572,1.0,173,0.12475532691123532,0.0761562026638356,2.0842513202284416,1.4605343360647294,4.68,5.920000000000002,4
gti-com-lnv14.hci.bri.co.id,22.23878612716763,22.04,19.17,24.62,39.32,4.208899240926485,79.49624277456648,80.04,75.33,81.77,100.0,5.9632842021491435,1.0,173,0.18925939648229073,0.07501340936400831,1.7680821145163765,1.2579210854477434,5.449999999999999,6.439999999999998,4
gti-com-lnv15.hci.bri.co.id,38.849075144508674,38.88,33.58,44.48,71.7,8.500416765440441,83.83052023121387,83.92,78.74,88.74,100.0,6.600961369895735,1.0,173,0.21880615519986135,0.07874174407709211,1.8456037816420146,1.1928829705957795,10.899999999999999,10.0,4
gti-com-lnv16.hci.bri.co.id,48.99606936416185,48.12,42.81,53.6,83.5,9.406447358176065,67.52265895953757,67.79,63.75,71.85,94.31,6.612279968150262,1.0,173,0.19198371380085452,0.09792683034168752,1.7042183400343547,1.3967163238715843,10.79,8.099999999999994,0
gti-com-lnv17.hci.bri.co.id,27.28872832369942,27.44,24.55,29.33,44.36,3.644962053771931,57.735433526011555,58.56,54.67,59.73,81.09,3.5886854596640747,1.0,173,0.13357024228228304,0.06215741773286008,1.6255795973268092,1.4045101083975842,4.779999999999998,5.059999999999995,4
gti-com-lnv19.hci.bri.co.id,29.524161849710985,29.44,25.7,32.01,69.01,7.386325676336521,66.48439306358381,67.1,63.2,69.47,95.37,4.9835513519137065,1.0,173,0.2501790131735383,0.0749582138344495,2.3374075901387714,1.4344719956876317,6.309999999999999,6.269999999999996,4
gti-com-lnv20.hci.bri.co.id,22.006589595375722,21.82,17.26,26.37,43.22,7.004346361558786,60.72115606936416,60.71,57.29,63.88,80.71,5.773090124531735,1.0,173,0.3182840453856885,0.09507543166564397,1.9639571962155318,1.3291907668523602,9.11,6.590000000000003,4
gti-com-lnv21.hci.bri.co.id,27.412890173410407,27.38,23.12,31.83,55.84,7.671920848477899,57.991502890173415,58.02,54.54,61.0,77.0,5.108960555802659,1.0,173,0.27986545015670794,0.08809843341149838,2.036997910353975,1.3277807292876274,8.709999999999997,6.460000000000001,4
gti-com-lnv22.hci.bri.co.id,69.84335260115607,69.77,63.75,76.24,100.0,11.146618857327594,69.56329479768786,69.56,65.55,72.92,100.0,6.412514663823534,1.0,173,0.15959455613451023,0.09218244596483191,1.4317754843621977,1.437539729692674,12.489999999999995,7.3700000000000045,0
gti-com-lnv23.hci.bri.co.id,33.560115606936414,33.56,29.22,38.57,49.42,6.6801262859215225,63.89526011560693,63.6,60.02,67.25,99.25,6.559931540914233,1.0,173,0.19904956121607734,0.10266695102336577,1.4725813396717133,1.55332335795214,9.350000000000001,7.229999999999997,4
gti-com-lnv24.hci.bri.co.id,27.226242774566476,27.59,24.77,28.84,56.19,4.539834195442953,70.42884393063584,71.27,65.35,71.98,100.0,5.866289965392003,1.0,173,0.16674479225917507,0.08329385572720194,2.0638176359938343,1.4198728023775073,4.07,6.63000000000001,4
gti-com-lnv25.hci.bri.co.id,62.02398843930636,62.94,57.29,65.15,100.0,8.903893108536156,61.77861271676301,62.81,58.31,63.86,81.34,3.5644384298329377,1.0,173,0.1435556360141056,0.05769696458181819,1.6122794182746747,1.3166368816489984,7.8600000000000065,5.549999999999997,0
gti-com-lnv26.hci.bri.co.id,49.98560693641619,50.64,43.94,55.88,100.0,9.335546053856332,26.512138728323702,26.09,23.7,28.91,46.53,4.638911578356001,1.0,173,0.18676468339639332,0.17497311800802076,2.0005758883192963,1.755045131469934,11.940000000000005,5.210000000000001,1
gti-com-lnv27.hci.bri.co.id,46.05179190751445,45.57,39.22,51.9,79.8,9.745902581045865,64.82040462427746,64.68,61.24,68.34,100.0,7.181658757539653,1.0,173,0.21162917179462865,0.11079318000507939,1.732831594485224,1.5427240940508813,12.68,7.100000000000001,0
gti-com-lnv28.hci.bri.co.id,43.758034682080925,43.52,39.13,48.48,61.87,6.820464559892063,52.92878612716763,53.06,49.9,56.19,72.97,5.071475890112508,1.0,173,0.15586770771231798,0.09581696957734286,1.4139117638511307,1.3786448800220166,9.349999999999994,6.289999999999999,1
gti-com-lnv29.hci.bri.co.id,68.9713294797688,70.4,64.07,73.8,100.0,8.685335607652483,57.97254335260116,59.05,55.25,60.68,73.52,3.8253968337428246,1.0,173,0.12592675352445007,0.06598635513498105,1.4498778079858932,1.2681865543285888,9.730000000000004,5.43,0
gti-com-lnv30.hci.bri.co.id,24.920462427745665,25.07,19.57,29.64,55.69,7.789262198621308,46.95271676300578,47.16,43.91,50.41,68.01,5.082316711666294,1.0,173,0.3125649141224998,0.10824329372290274,2.234709735482135,1.4484784840732652,10.07,6.5,1
gti-com-mdm01.hci.bri.co.id,64.82387283236994,64.93,56.94,72.58,100.0,11.775835749040722,31.500578034682082,31.9,28.24,35.03,50.64,5.548374024441405,1.0,173,0.18165893573641026,0.1761356257759034,1.5426415551966957,1.6075895478567235,15.64,6.790000000000003,1
gti-com-mdm02.hci.bri.co.id,5.289942196531792,4.94,1.65,7.96,21.13,4.351727603627577,3.941271676300578,3.62,1.6,5.96,16.39,2.976400120239695,1.0,173,0.8226418062716583,0.7551877578339012,3.994372568731151,4.158556259533028,6.3100000000000005,4.359999999999999,2
gti-com-mdm03.hci.bri.co.id,15.466473988439306,14.92,10.07,19.99,52.38,7.75436049465109,23.175895953757223,22.8,20.0,27.04,39.28,5.514779922513917,1.0,173,0.5013657605765365,0.23795325684571314,3.3866801210898085,1.694864357277718,9.919999999999998,7.039999999999999,1
gti-com-mdm04.hci.bri.co.id,32.8193063583815,33.03,28.41,36.54,100.0,5.77454272666767,30.943236994219657,30.77,29.05,32.98,42.5,2.9222528217066204,1.0,173,0.17594956650243002,0.09443914423861056,3.046987005392991,1.373482677586033,8.129999999999999,3.929999999999996,1
